{
  "name": "isotonic",
  "params": {
    "knots_x": [
      0.23920553219745755,
      0.24120553219745755,
      0.24520553219745755,
      0.24520553219745755,
      0.24520553219745755,
      0.24520553219745755,
      0.24520553219745755,
      0.24520553219745755,
      0.24520553219745755,
      0.24520553219745755,
      0.24720553219745756,
      0.24720553219745756,
      0.24720553219745756,
      0.2839714904123971,
      0.2839714904123971,
      0.2839714904123971,
      0.2839714904123971,
      0.2839714904123971,
      0.2839714904123971,
      0.2839714904123971,
      0.28708154677434317,
      0.29308154677434317,
      0.29308154677434317,
      0.29308154677434317,
      0.2950815467743431,
      0.2950815467743431,
      0.3074302803898825,
      0.30811372357635647,
      0.30811372357635647,
      0.30811372357635647,
      0.31211372357635647,
      0.31211372357635647,
      0.3134302803898825,
      0.3141137235763565,
      0.3154302803898825,
      0.3154302803898825,
      0.3154302803898825,
      0.3181137235763565,
      0.3181137235763565,
      0.3181137235763565,
      0.3181137235763565,
      0.3181137235763565,
      0.3181137235763565,
      0.3181137235763565,
      0.3181137235763565,
      0.3181137235763565,
      0.31885678592824257,
      0.31885678592824257,
      0.3201137235763565,
      0.3201137235763565,
      0.3201137235763565,
      0.32085678592824257,
      0.32085678592824257,
      0.3221137235763564,
      0.33228895899276173,
      0.33428895899276173,
      0.33828895899276173,
      0.33828895899276173,
      0.33828895899276173,
      0.33828895899276173,
      0.34028895899276174,
      0.34028895899276174
    ],
    "knots_y": [
      0.0,
      0.0,
      0.0,
      0.0,
      0.0,
      0.0,
      0.0,
      0.0,
      0.0,
      0.0,
      0.0,
      0.0,
      0.0,
      0.6447368421052632,
      0.6447368421052632,
      0.6367989056087552,
      0.6211967545638946,
      0.598997995991984,
      0.5712858094603598,
      0.5384615384615384,
      0.5,
      0.45454545454545453,
      0.4,
      0.3333333333333333,
      0.25,
      0.14285714285714285,
      0.7,
      0.7,
      0.6666666666666666,
      0.6,
      0.5,
      0.3333333333333333,
      0.42324114280993075,
      0.42324114280993075,
      0.42274002813384215,
      0.42169777993024943,
      0.4200771799473285,
      0.41784415462667784,
      0.41496746603695867,
      0.4114176174181984,
      0.4071649581812843,
      0.402177122618213,
      0.39641608874618084,
      0.3898352662995988,
      0.38237709154546823,
      0.3739716105438447,
      0.36453647058844535,
      0.35397860834724654,
      0.3421977046986562,
      0.3290911392983728,
      0.31455970851754633,
      0.29851283906305387,
      0.28087167311076194,
      0.2615686274509804,
      0.24054317935488495,
      0.2177353896103896,
      0.19307951987997,
      0.16649821724360594,
      0.13789473684210524,
      0.10714285714285714,
      0.07407407407407407,
      0.038461538461538464
    ]
  }
}