{
  "name": "isotonic",
  "params": {
    "knots_x": [
      0.245464689653201,
      0.245464689653201,
      0.247464689653201,
      0.247464689653201,
      0.25025931418702213,
      0.25025931418702213,
      0.25025931418702213,
      0.2562209945712119,
      0.2582209945712119,
      0.2622209945712119,
      0.2622209945712119,
      0.2622209945712119,
      0.2622209945712119,
      0.2642209945712119,
      0.2642209945712119,
      0.27471286383785926,
      0.27471286383785926,
      0.27671286383785926,
      0.28071286383785926,
      0.28071286383785926,
      0.28071286383785926,
      0.28071286383785926,
      0.28071286383785926,
      0.28071286383785926,
      0.28071286383785926,
      0.28071286383785926,
      0.28071286383785926,
      0.28271286383785926,
      0.28271286383785926,
      0.28271286383785926,
      0.28471286383785926,
      0.29847789581514145,
      0.3004778958151415,
      0.300883717633288,
      0.300883717633288,
      0.300883717633288,
      0.300883717633288,
      0.300883717633288,
      0.300883717633288,
      0.300883717633288,
      0.3044778958151415,
      0.3044778958151415,
      0.3044778958151415,
      0.3044778958151415,
      0.3044778958151415,
      0.3044778958151415,
      0.3044778958151415,
      0.3044778958151415,
      0.3064778958151415,
      0.3064778958151415,
      0.3064778958151415,
      0.3283370814466952,
      0.331587755410899,
      0.3343370814466952,
      0.3363370814466952,
      0.3363370814466952,
      0.3363370814466952,
      0.337587755410899,
      0.337587755410899,
      0.337587755410899,
      0.339587755410899,
      0.339587755410899
    ],
    "knots_y": [
      0.0,
      0.0,
      0.0,
      0.0,
      0.4090909090909091,
      0.4090909090909091,
      0.408632721633497,
      0.4076676033721397,
      0.40614348077421414,
      0.40400500625782226,
      0.4011936850211783,
      0.39764808362369336,
      0.3933041301627034,
      0.388095513413506,
      0.38195418419822347,
      0.3748109561418249,
      0.36659619450317127,
      0.3572405706468634,
      0.346675845790716,
      0.3348356309650053,
      0.321656050955414,
      0.3070762189755325,
      0.2910384068278805,
      0.2734877734877735,
      0.2543714945562521,
      0.23363711681855842,
      0.21122994652406418,
      0.1870892661555312,
      0.16114315987756064,
      0.13330170777988612,
      0.10344827586206896,
      0.07142857142857142,
      0.037037037037037035,
      0.5732758620689656,
      0.5732758620689656,
      0.5697899391929243,
      0.562605752961083,
      0.5517248790972595,
      0.5373359580052494,
      0.519732762169796,
      0.4992044234058634,
      0.4759351613873239,
      0.44994045492437773,
      0.42104497161985155,
      0.3888888888888889,
      0.35294117647058826,
      0.3125,
      0.26666666666666666,
      0.21428571428571427,
      0.15384615384615385,
      0.08333333333333333,
      0.5,
      0.5,
      0.5714285714285714,
      0.5714285714285714,
      0.5606060606060606,
      0.5365853658536586,
      0.49800796812749004,
      0.4444444444444444,
      0.375,
      0.2857142857142857,
      0.16666666666666666
    ]
  }
}