{
  "methods": [
    "constant_sigma2",
    "centroid_distance_sigma2",
    "centroid_norm_peer_sigma2"
  ],
  "datasets": [
    {
      "name": "toy_mixed",
      "synthetic": false
    },
    {
      "name": "synthetic_shifted_queries",
      "synthetic": true
    }
  ],
  "results": [
    {
      "dataset": "toy_mixed",
      "synthetic": false,
      "method": "constant_sigma2",
      "metrics": {
        "recall_at_1": 0.7333333333333333,
        "recall_at_5": 1.0,
        "mrr_at_10": 0.8555555555555556,
        "ece": 0.3333333344444446,
        "brier_score": 0.11111111185185191,
        "mean_variance": 0.5000000025000001
      },
      "scale_sensitivity": {
        "scales": {
          "0.5": {
            "recall_at_1": 0.7333333333333333,
            "recall_at_5": 1.0,
            "mrr_at_10": 0.8444444444444444,
            "ece": 0.20000000159999987,
            "brier_score": 0.040000000639999984,
            "mean_variance": 0.2500000025000001
          },
          "1.0": {
            "recall_at_1": 0.7333333333333333,
            "recall_at_5": 1.0,
            "mrr_at_10": 0.8555555555555556,
            "ece": 0.3333333344444446,
            "brier_score": 0.11111111185185191,
            "mean_variance": 0.5000000025000001
          },
          "2.0": {
            "recall_at_1": 0.7333333333333333,
            "recall_at_5": 1.0,
            "mrr_at_10": 0.8555555555555556,
            "ece": 0.5000000006250003,
            "brier_score": 0.25000000062500005,
            "mean_variance": 1.0000000025
          },
          "4.0": {
            "recall_at_1": 0.7333333333333333,
            "recall_at_5": 1.0,
            "mrr_at_10": 0.8555555555555556,
            "ece": 0.6666666669444445,
            "brier_score": 0.444444444814815,
            "mean_variance": 2.000000002500001
          }
        },
        "recall1_range": 0.0,
        "ece_range": 0.4666666653444447
      }
    },
    {
      "dataset": "toy_mixed",
      "synthetic": false,
      "method": "centroid_distance_sigma2",
      "metrics": {
        "recall_at_1": 0.7333333333333333,
        "recall_at_5": 1.0,
        "mrr_at_10": 0.8555555555555556,
        "ece": 0.1257652225638669,
        "brier_score": 0.015874151929474906,
        "mean_variance": 0.14394327897008838
      },
      "scale_sensitivity": {
        "scales": {
          "0.5": {
            "recall_at_1": 0.7333333333333333,
            "recall_at_5": 1.0,
            "mrr_at_10": 0.8555555555555556,
            "ece": 0.06711957440519965,
            "brier_score": 0.004523616047341489,
            "mean_variance": 0.07197164054313053
          },
          "1.0": {
            "recall_at_1": 0.7333333333333333,
            "recall_at_5": 1.0,
            "mrr_at_10": 0.8555555555555556,
            "ece": 0.1257652225638669,
            "brier_score": 0.015874151929474906,
            "mean_variance": 0.14394327897008838
          },
          "2.0": {
            "recall_at_1": 0.7333333333333333,
            "recall_at_5": 1.0,
            "mrr_at_10": 0.8555555555555556,
            "ece": 0.22335042227023072,
            "brier_score": 0.05002783642039923,
            "mean_variance": 0.28788655582400396
          },
          "4.0": {
            "recall_at_1": 0.7333333333333333,
            "recall_at_5": 1.0,
            "mrr_at_10": 0.8555555555555556,
            "ece": 0.3649899853827616,
            "brier_score": 0.1334716797451864,
            "mean_variance": 0.5757731095318354
          }
        },
        "recall1_range": 0.0,
        "ece_range": 0.29787041097756195
      }
    },
    {
      "dataset": "toy_mixed",
      "synthetic": false,
      "method": "centroid_norm_peer_sigma2",
      "metrics": {
        "recall_at_1": 0.7333333333333333,
        "recall_at_5": 1.0,
        "mrr_at_10": 0.8555555555555556,
        "ece": 0.25881762851791057,
        "brier_score": 0.06779302424775817,
        "mean_variance": 0.3511742223351897
      },
      "scale_sensitivity": {
        "scales": {
          "0.5": {
            "recall_at_1": 0.7333333333333333,
            "recall_at_5": 1.0,
            "mrr_at_10": 0.8555555555555556,
            "ece": 0.14895001330446134,
            "brier_score": 0.02253644508405813,
            "mean_variance": 0.17558711195795482
          },
          "1.0": {
            "recall_at_1": 0.7333333333333333,
            "recall_at_5": 1.0,
            "mrr_at_10": 0.8555555555555556,
            "ece": 0.25881762851791057,
            "brier_score": 0.06779302424775817,
            "mean_variance": 0.3511742223351897
          },
          "2.0": {
            "recall_at_1": 0.7333333333333333,
            "recall_at_5": 1.0,
            "mrr_at_10": 0.8555555555555556,
            "ece": 0.41039682460614235,
            "brier_score": 0.16971719588180945,
            "mean_variance": 0.7023484430896593
          },
          "4.0": {
            "recall_at_1": 0.7333333333333333,
            "recall_at_5": 1.0,
            "mrr_at_10": 0.8555555555555556,
            "ece": 0.5810350807510708,
            "brier_score": 0.3389178602744906,
            "mean_variance": 1.4046968845985985
          }
        },
        "recall1_range": 0.0,
        "ece_range": 0.43208506744660946
      }
    },
    {
      "dataset": "synthetic_shifted_queries",
      "synthetic": true,
      "method": "constant_sigma2",
      "metrics": {
        "recall_at_1": 0.25,
        "recall_at_5": 1.0,
        "mrr_at_10": 0.5208333333333333,
        "ece": 0.33333333444444446,
        "brier_score": 0.11111111185185187,
        "mean_variance": 0.5000000025
      },
      "scale_sensitivity": {
        "scales": {
          "0.5": {
            "recall_at_1": 0.25,
            "recall_at_5": 1.0,
            "mrr_at_10": 0.5208333333333333,
            "ece": 0.20000000159999998,
            "brier_score": 0.04000000063999999,
            "mean_variance": 0.2500000025
          },
          "1.0": {
            "recall_at_1": 0.25,
            "recall_at_5": 1.0,
            "mrr_at_10": 0.5208333333333333,
            "ece": 0.33333333444444446,
            "brier_score": 0.11111111185185187,
            "mean_variance": 0.5000000025
          },
          "2.0": {
            "recall_at_1": 0.5,
            "recall_at_5": 1.0,
            "mrr_at_10": 0.6458333333333333,
            "ece": 0.500000000625,
            "brier_score": 0.25000000062500005,
            "mean_variance": 1.0000000025
          },
          "4.0": {
            "recall_at_1": 0.25,
            "recall_at_5": 1.0,
            "mrr_at_10": 0.5208333333333333,
            "ece": 0.6666666669444445,
            "brier_score": 0.44444444481481493,
            "mean_variance": 2.0000000025
          }
        },
        "recall1_range": 0.25,
        "ece_range": 0.46666666534444456
      }
    },
    {
      "dataset": "synthetic_shifted_queries",
      "synthetic": true,
      "method": "centroid_distance_sigma2",
      "metrics": {
        "recall_at_1": 0.25,
        "recall_at_5": 1.0,
        "mrr_at_10": 0.5208333333333333,
        "ece": 0.11919664097623461,
        "brier_score": 0.014218326348156252,
        "mean_variance": 0.1353425428077738
      },
      "scale_sensitivity": {
        "scales": {
          "0.5": {
            "recall_at_1": 0.25,
            "recall_at_5": 1.0,
            "mrr_at_10": 0.5208333333333333,
            "ece": 0.06337854147447874,
            "brier_score": 0.004020193599502213,
            "mean_variance": 0.06767127255408605
          },
          "1.0": {
            "recall_at_1": 0.25,
            "recall_at_5": 1.0,
            "mrr_at_10": 0.5208333333333333,
            "ece": 0.11919664097623461,
            "brier_score": 0.014218326348156252,
            "mean_variance": 0.1353425428077738
          },
          "2.0": {
            "recall_at_1": 0.25,
            "recall_at_5": 1.0,