{
  "assumptions": {
    "python": "python3",
    "dtype": "float64",
    "n_queries": 200,
    "n_specialists": 6,
    "embedding_dim": 768,
    "batch_size": 20,
    "canonical_benchmark_path": "benchmarks/mixed_beir_v1.0.0/mixed_benchmark.parquet",
    "canonical_max_queries": 600,
    "timer": "time.perf_counter",
    "memory_proxy": "tracemalloc peak resident Python allocation (KiB)"
  },
  "single_query_strategies": {
    "mean": {
      "mean_ms": 0.3545391299996936,
      "p50_ms": 0.3447220000083462,
      "p95_ms": 0.4453505999961748,
      "memory_peak_kib": 1515.51953125
    },
    "kalman_legacy": {
      "mean_ms": 1.7200010399999144,
      "p50_ms": 1.6728439999980083,
      "p95_ms": 2.102424499986454,
      "memory_peak_kib": 2857.4765625
    },
    "kalman_optimized": {
      "mean_ms": 0.8399029199996733,
      "p50_ms": 0.7936830000119244,
      "p95_ms": 1.1181429499828253,
      "memory_peak_kib": 2761.515625
    }
  },
  "batch_strategies": {
    "mean": {
      "mean_ms": 14.445743099997799,
      "p50_ms": 15.44263150000802,
      "p95_ms": 16.946344999998075,
      "memory_peak_kib": 2749.62109375,
      "batch_size": 20.0,
      "queries_per_batch": 20.0
    },
    "kalman_legacy": {
      "mean_ms": 18.022419799999057,
      "p50_ms": 17.0685245000044,
      "p95_ms": 22.847990699995073,
      "memory_peak_kib": 5264.2978515625,
      "batch_size": 20.0,
      "queries_per_batch": 20.0
    },
    "kalman_optimized": {
      "mean_ms": 14.753761400007193,
      "p50_ms": 14.169433000006393,
      "p95_ms": 17.8950231000087,
      "memory_peak_kib": 3950.31640625,
      "batch_size": 20.0,
      "queries_per_batch": 20.0
    }
  },
  "speedup_legacy_to_optimized": 2.0478569594692964,
  "optimized_vs_mean_latency_ratio": 2.3689992131486277,
  "batch_speedup_legacy_to_optimized": 1.2215474624654206,
  "numerical_deviation_vs_legacy": {
    "single_query": {
      "vector_max_abs": 0.045068414033929055,
      "vector_rms": 0.009016596024839995,
      "weight_max_abs": 0.0063659218190032785,
      "covariance_max_abs": 0.0025891948700639544
    },
    "batch": {
      "vector_max_abs": 0.04103497058334207,
      "vector_rms": 0.00905377299933473,
      "weight_max_abs": 0.019010466836389156,
      "covariance_max_abs": 0.0031479212850696603
    }
  },
  "profiling": {
    "embed_calls": 12000,
    "embed_seconds": 0.4379810820009311,
    "sigma2_calls": 4800,
    "sigma2_seconds": 0.28197556699944926
  },
  "canonical_rerun": {
    "output_dir": "results/kalman_latency_optimization/canonical",
    "decision_verdict": "inconclusive_underpowered",
    "latency_ratio_vs_mean": 0.9239092503251253,
    "latency_ratio_threshold": 1.5,
    "latency_ratio_ok": true,
    "primary_metric_delta": 0.09488724032110114,
    "primary_metric_adjusted_p_value": 1.0
  },
  "canonical_v3_latency_ratio_basis": {
    "uses_optimized_kalman_path": true,
    "evidence": "canonical rerun invoked via experiments/run_canonical_benchmark.py after KalmanorixFuser default fast scalar path is enabled"
  }
}