{
  "name": "isotonic",
  "params": {
    "knots_x": [
      0.23920553219745755,
      0.24120553219745755,
      0.24520553219745755,
      0.24520553219745755,
      0.24520553219745755,
      0.24520553219745755,
      0.24520553219745755,
      0.24520553219745755,
      0.24520553219745755,
      0.24520553219745755,
      0.24720553219745756,
      0.24720553219745756,
      0.24720553219745756,
      0.2839714904123971,
      0.2839714904123971,
      0.2839714904123971,
      0.2839714904123971,
      0.2839714904123971,
      0.2839714904123971,
      0.2839714904123971,
      0.28708154677434317,
      0.29308154677434317,
      0.29308154677434317,
      0.29308154677434317,
      0.2950815467743431,
      0.2950815467743431,
      0.3074302803898825,
      0.30811372357635647,
      0.30811372357635647,
      0.30811372357635647,
      0.31211372357635647,
      0.31211372357635647,
      0.3134302803898825,
      0.3141137235763565,
      0.3154302803898825,
      0.3154302803898825,
      0.3154302803898825,
      0.3181137235763565,
      0.3181137235763565,
      0.3181137235763565,
      0.3181137235763565,
      0.3181137235763565,
      0.3181137235763565,
      0.3181137235763565,
      0.3181137235763565,
      0.3181137235763565,
      0.31885678592824257,
      0.31885678592824257,
      0.3201137235763565,
      0.3201137235763565,
      0.3201137235763565,
      0.32085678592824257,
      0.32085678592824257,
      0.3221137235763564,
      0.33228895899276173,
      0.33428895899276173,
      0.33828895899276173,
      0.33828895899276173,
      0.33828895899276173,
      0.33828895899276173,
      0.34028895899276174,
      0.34028895899276174
    ],
    "knots_y": [
      0.011953919821137804,
      0.011953919821137804,
      0.011953919821137804,
      0.011953919821137804,
      0.011953919821137804,
      0.011953919821137804,
      0.011953919821137804,
      0.011953919821137804,
      0.011953919821137804,
      0.011953919821137804,
      0.011953919821137804,
      0.011953919821137804,
      0.011953919821137804,
      0.060175874225234564,
      0.060175874225234564,
      0.05943499478880897,
      0.05797878348273107,
      0.055906884350338165,
      0.05332039488311923,
      0.050256774078217874,
      0.046667004501202314,
      0.042424549546547556,
      0.03733360360096185,
      0.031111336334134876,
      0.023333502250601157,
      0.013333429857486376,
      0.014912843419586468,
      0.014912843419586468,
      0.01483925719872845,
      0.014737121345008784,
      0.01463768615508864,
      0.014551560280288539,
      0.014476707486584922,
      0.014404436336810232,
      0.01432243534817398,
      0.014214641655817794,
      0.014057048257742294,
      0.013806946025991,
      0.013386040939326768,
      0.012761396714750921,
      0.011900913964842002,
      0.0107754754208831,
      0.009359693163471947,
      0.007628791003103847,
      0.005548211638620979,
      0.0030515164012415385,
      0.005976959910568402,
      0.005976959910568402,
      0.0056623830731700655,
      0.0047815679284547215,
      0.002988479955284201,
      0.00796927988075787,
      0.00796927988075787,
      0.005976959910568402,
      0.024872365930252327,
      0.024872365930252327,
      0.024872365930252327,
      0.024872365930252327,
      0.024872365930252327,
      0.024872365930252327,
      0.024872365930252327,
      0.024872365930252327
    ]
  }
}