{
  "name": "isotonic",
  "params": {
    "knots_x": [
      0.23920553219745755,
      0.24120553219745755,
      0.24520553219745755,
      0.24520553219745755,
      0.24520553219745755,
      0.24520553219745755,
      0.24520553219745755,
      0.24520553219745755,
      0.24520553219745755,
      0.24520553219745755,
      0.24720553219745756,
      0.24720553219745756,
      0.24720553219745756,
      0.2839714904123971,
      0.2839714904123971,
      0.2839714904123971,
      0.2839714904123971,
      0.2839714904123971,
      0.2839714904123971,
      0.2839714904123971,
      0.28708154677434317,
      0.29308154677434317,
      0.29308154677434317,
      0.29308154677434317,
      0.2950815467743431,
      0.2950815467743431,
      0.3074302803898825,
      0.30811372357635647,
      0.30811372357635647,
      0.30811372357635647,
      0.31211372357635647,
      0.31211372357635647,
      0.3134302803898825,
      0.3141137235763565,
      0.3154302803898825,
      0.3154302803898825,
      0.3154302803898825,
      0.3181137235763565,
      0.3181137235763565,
      0.3181137235763565,
      0.3181137235763565,
      0.3181137235763565,
      0.3181137235763565,
      0.3181137235763565,
      0.3181137235763565,
      0.3181137235763565,
      0.31885678592824257,
      0.31885678592824257,
      0.3201137235763565,
      0.3201137235763565,
      0.3201137235763565,
      0.32085678592824257,
      0.32085678592824257,
      0.3221137235763564,
      0.33228895899276173,
      0.33428895899276173,
      0.33828895899276173,
      0.33828895899276173,
      0.33828895899276173,
      0.33828895899276173,
      0.34028895899276174,
      0.34028895899276174
    ],
    "knots_y": [
      0.0,
      0.0,
      0.0,
      0.0,
      0.0,
      0.0,
      0.0,
      0.0,
      0.0,
      0.0,
      0.0,
      0.0,
      0.0,
      0.6830782498081469,
      0.6830782498081469,
      0.6746682576764461,
      0.6581382731417238,
      0.634619392006126,
      0.605259208690763,
      0.570482933905705,
      0.5297341529124404,
      0.4815765026476731,
      0.4237873223299523,
      0.35315610194162694,
      0.2648670764562202,
      0.15135261511784012,
      0.482489520300281,
      0.482489520300281,
      0.48199306676879805,
      0.4810120392408207,
      0.4795747376041104,
      0.4777182518232945,
      0.4754795884262273,
      0.47288797101443625,
      0.4699598159657996,
      0.4666966186666987,
      0.4630850530844186,
      0.4590982517270283,
      0.4546973677812572,
      0.44983286116125315,
      0.4444452879765833,
      0.4384656163267979,
      0.4318152332860818,
      0.42440587832834265,
      0.4161397703462847,
      0.40691020880236767,
      0.3966029250575241,
      0.38509841695085045,
      0.3722753781600942,
      0.35801508513967556,
      0.34220620221900583,
      0.3247489657421474,
      0.30555732528874424,
      0.2845577458850804,
      0.26168438307107117,
      0.23687202961124834,
      0.2100491694628567,
      0.18113165120157204,
      0.1500142271173536,
      0.11655958213861989,
      0.08058440246620634,
      0.04184190128053022
    ]
  }
}