{
  "name": "isotonic",
  "params": {
    "knots_x": [
      0.245464689653201,
      0.245464689653201,
      0.247464689653201,
      0.247464689653201,
      0.25025931418702213,
      0.25025931418702213,
      0.25025931418702213,
      0.2562209945712119,
      0.2582209945712119,
      0.2622209945712119,
      0.2622209945712119,
      0.2622209945712119,
      0.2622209945712119,
      0.2642209945712119,
      0.2642209945712119,
      0.27471286383785926,
      0.27471286383785926,
      0.27671286383785926,
      0.28071286383785926,
      0.28071286383785926,
      0.28071286383785926,
      0.28071286383785926,
      0.28071286383785926,
      0.28071286383785926,
      0.28071286383785926,
      0.28071286383785926,
      0.28071286383785926,
      0.28271286383785926,
      0.28271286383785926,
      0.28271286383785926,
      0.28471286383785926,
      0.29847789581514145,
      0.3004778958151415,
      0.300883717633288,
      0.300883717633288,
      0.300883717633288,
      0.300883717633288,
      0.300883717633288,
      0.300883717633288,
      0.300883717633288,
      0.3044778958151415,
      0.3044778958151415,
      0.3044778958151415,
      0.3044778958151415,
      0.3044778958151415,
      0.3044778958151415,
      0.3044778958151415,
      0.3044778958151415,
      0.3064778958151415,
      0.3064778958151415,
      0.3064778958151415,
      0.3283370814466952,
      0.331587755410899,
      0.3343370814466952,
      0.3363370814466952,
      0.3363370814466952,
      0.3363370814466952,
      0.337587755410899,
      0.337587755410899,
      0.337587755410899,
      0.339587755410899,
      0.339587755410899
    ],
    "knots_y": [
      0.0,
      0.0,
      0.0,
      0.0,
      0.27102911380157213,
      0.27102911380157213,
      0.2707255574580363,
      0.2700861515429289,
      0.2690763965279405,
      0.26765962377600405,
      0.2657970795677439,
      0.2634480632897009,
      0.26057012630610055,
      0.25711933639535905,
      0.2530506099147815,
      0.2483181098108058,
      0.24287570198032357,
      0.23667745512005786,
      0.22967815997150015,
      0.22183383280577598,
      0.21310215529621132,
      0.20344278899627483,
      0.19281748807391125,
      0.1811899194941155,
      0.16852508626790813,
      0.15478823732163802,
      0.13994313719166143,
      0.12394955957491578,
      0.1067598591077341,
      0.08831446244577897,
      0.06853609774292628,
      0.0473225436796396,
      0.0245376152412946,
      0.5545699762169907,
      0.5545699762169907,
      0.5511977983627138,
      0.5442480308051685,
      0.5337221978525948,
      0.5198027846071366,
      0.5027739778114373,
      0.48291547496256115,
      0.460405484680333,
      0.43525898070422553,
      0.4073063517009102,
      0.3761995160302392,
      0.34142477085097345,
      0.3023031825242994,
      0.25796538242073547,
      0.2072936108738053,
      0.14882618216580892,
      0.08061418200647984,
      0.5297341529124404,
      0.5297341529124404,
      0.6054104604713605,
      0.6054104604713605,
      0.5939443532654635,
      0.5684951884913994,
      0.527623658279323,
      0.4708748025888359,
      0.39730061468433026,
      0.30270523023568024,
      0.17657805097081347
    ]
  }
}