{
  "config": {
    "random_seed": 7,
    "dimension": 48,
    "n_specialists": 4,
    "n_train": 220,
    "n_validation": 120,
    "n_test": 220,
    "n_noise_docs": 60,
    "kalman_anchor": 0.35,
    "model_type": "linear",
    "ridge_lambda": 0.01,
    "mlp_hidden_dim": 8,
    "mlp_steps": 350,
    "mlp_lr": 0.04,
    "mlp_l2": 0.005
  },
  "fit": {
    "train_size": 220,
    "test_size": 220,
    "checkpoint": {
      "model_type": "linear",
      "feature_dim": 9,
      "n_specialists": 4,
      "kalman_anchor": 0.35,
      "linear_weights": [
        0.2916119424087572,
        -0.09834542140595944,
        0.25925099000722507,
        0.08701531221473972,
        -0.010923734475461484,
        0.011092493379224683,
        -0.10083079271930025,
        -0.0966113335227473,
        -0.01952349156576131
      ],
      "linear_bias": -0.04899413073809879,
      "mlp_w1": null,
      "mlp_b1": null,
      "mlp_w2": null,
      "mlp_b2": null
    }
  },
  "metrics": {
    "mean": {
      "recall@1": 0.4909090909090909,
      "recall@5": 0.7863636363636364,
      "mrr": 0.6244862419671604
    },
    "kalman_precision": {
      "recall@1": 0.5136363636363637,
      "recall@5": 0.8136363636363636,
      "mrr": 0.6491567485124056
    },
    "learned_linear_combiner": {
      "recall@1": 0.5363636363636364,
      "recall@5": 0.8,
      "mrr": 0.6564903451853651
    },
    "kalman_learned_correction": {
      "recall@1": 0.6,
      "recall@5": 0.8363636363636363,
      "mrr": 0.7077005305675264
    }
  },
  "question": "Can task-aware learned correction recover Kalman fusion quality without abandoning precision weighting?",
  "answer": "Yes in this benchmark: Kalman + learned correction improves MRR while retaining Kalman precision as the anchor."
}