{
  "results": [
    {
      "max_candidates": 10,
      "n_queries": 6,
      "kalman_recall@10": 1.0,
      "mean_recall@10": 1.0,
      "delta_recall@10": 0.0,
      "p_recall@10": 1.0,
      "kalman_recall@50": 1.0,
      "mean_recall@50": 1.0,
      "delta_recall@50": 0.0,
      "p_recall@50": 1.0,
      "kalman_recall@100": 1.0,
      "mean_recall@100": 1.0,
      "delta_recall@100": 0.0,
      "p_recall@100": 1.0,
      "kalman_recall@1000": 1.0,
      "mean_recall@1000": 1.0,
      "delta_recall@1000": 0.0,
      "p_recall@1000": 1.0,
      "kalman_ndcg@10": 0.5485813625458471,
      "mean_ndcg@10": 0.4536941222247459,
      "delta_ndcg@10": 0.09488724032110114,
      "kalman_mrr@10": 0.4055555555555556,
      "mean_mrr@10": 0.28055555555555556,
      "delta_mrr@10": 0.125,
      "p_ndcg@10": 1.0,
      "p_mrr@10": 1.0,
      "latency_mean_kalman_ms": 23.802287333334487,
      "latency_mean_mean_ms": 21.84073766685894,
      "latency_ratio_kalman_over_mean": 1.0898115116987095,
      "practical_sig_ndcg@10": true,
      "practical_sig_mrr@10": true
    },
    {
      "max_candidates": 25,
      "n_queries": 6,
      "kalman_recall@10": 1.0,
      "mean_recall@10": 1.0,
      "delta_recall@10": 0.0,
      "p_recall@10": 1.0,
      "kalman_recall@50": 1.0,
      "mean_recall@50": 1.0,
      "delta_recall@50": 0.0,
      "p_recall@50": 1.0,
      "kalman_recall@100": 1.0,
      "mean_recall@100": 1.0,
      "delta_recall@100": 0.0,
      "p_recall@100": 1.0,
      "kalman_recall@1000": 1.0,
      "mean_recall@1000": 1.0,
      "delta_recall@1000": 0.0,
      "p_recall@1000": 1.0,
      "kalman_ndcg@10": 0.5485813625458471,
      "mean_ndcg@10": 0.4536941222247459,
      "delta_ndcg@10": 0.09488724032110114,
      "kalman_mrr@10": 0.4055555555555556,
      "mean_mrr@10": 0.28055555555555556,
      "delta_mrr@10": 0.125,
      "p_ndcg@10": 1.0,
      "p_mrr@10": 1.0,
      "latency_mean_kalman_ms": 25.239152500110624,
      "latency_mean_mean_ms": 24.27328033346991,
      "latency_ratio_kalman_over_mean": 1.039791579604051,
      "practical_sig_ndcg@10": true,
      "practical_sig_mrr@10": true
    },
    {
      "max_candidates": 50,
      "n_queries": 6,
      "kalman_recall@10": 1.0,
      "mean_recall@10": 1.0,
      "delta_recall@10": 0.0,
      "p_recall@10": 1.0,
      "kalman_recall@50": 1.0,
      "mean_recall@50": 1.0,
      "delta_recall@50": 0.0,
      "p_recall@50": 1.0,
      "kalman_recall@100": 1.0,
      "mean_recall@100": 1.0,
      "delta_recall@100": 0.0,
      "p_recall@100": 1.0,
      "kalman_recall@1000": 1.0,
      "mean_recall@1000": 1.0,
      "delta_recall@1000": 0.0,
      "p_recall@1000": 1.0,
      "kalman_ndcg@10": 0.5485813625458471,
      "mean_ndcg@10": 0.4536941222247459,
      "delta_ndcg@10": 0.09488724032110114,
      "kalman_mrr@10": 0.4055555555555556,
      "mean_mrr@10": 0.28055555555555556,
      "delta_mrr@10": 0.125,
      "p_ndcg@10": 1.0,
      "p_mrr@10": 1.0,
      "latency_mean_kalman_ms": 25.919307166532235,
      "latency_mean_mean_ms": 29.799782166719524,
      "latency_ratio_kalman_over_mean": 0.8697817662398548,
      "practical_sig_ndcg@10": true,
      "practical_sig_mrr@10": true
    },
    {
      "max_candidates": 100,
      "n_queries": 6,
      "kalman_recall@10": 1.0,
      "mean_recall@10": 1.0,
      "delta_recall@10": 0.0,
      "p_recall@10": 1.0,
      "kalman_recall@50": 1.0,
      "mean_recall@50": 1.0,
      "delta_recall@50": 0.0,
      "p_recall@50": 1.0,
      "kalman_recall@100": 1.0,
      "mean_recall@100": 1.0,
      "delta_recall@100": 0.0,
      "p_recall@100": 1.0,
      "kalman_recall@1000": 1.0,
      "mean_recall@1000": 1.0,
      "delta_recall@1000": 0.0,
      "p_recall@1000": 1.0,
      "kalman_ndcg@10": 0.5485813625458471,
      "mean_ndcg@10": 0.4536941222247459,
      "delta_ndcg@10": 0.09488724032110114,
      "kalman_mrr@10": 0.4055555555555556,
      "mean_mrr@10": 0.28055555555555556,
      "delta_mrr@10": 0.125,
      "p_ndcg@10": 1.0,
      "p_mrr@10": 1.0,
      "latency_mean_kalman_ms": 25.391528333329916,
      "latency_mean_mean_ms": 25.348630166718067,
      "latency_ratio_kalman_over_mean": 1.0016923268172564,
      "practical_sig_ndcg@10": true,
      "practical_sig_mrr@10": true
    },
    {
      "max_candidates": 250,
      "n_queries": 6,
      "kalman_recall@10": 1.0,
      "mean_recall@10": 1.0,
      "delta_recall@10": 0.0,
      "p_recall@10": 1.0,
      "kalman_recall@50": 1.0,
      "mean_recall@50": 1.0,
      "delta_recall@50": 0.0,
      "p_recall@50": 1.0,
      "kalman_recall@100": 1.0,
      "mean_recall@100": 1.0,
      "delta_recall@100": 0.0,
      "p_recall@100": 1.0,
      "kalman_recall@1000": 1.0,
      "mean_recall@1000": 1.0,
      "delta_recall@1000": 0.0,
      "p_recall@1000": 1.0,
      "kalman_ndcg@10": 0.5485813625458471,
      "mean_ndcg@10": 0.4536941222247459,
      "delta_ndcg@10": 0.09488724032110114,
      "kalman_mrr@10": 0.4055555555555556,
      "mean_mrr@10": 0.28055555555555556,
      "delta_mrr@10": 0.125,
      "p_ndcg@10": 1.0,
      "p_mrr@10": 1.0,
      "latency_mean_kalman_ms": 24.71319999987524,
      "latency_mean_mean_ms": 26.222754500016283,
      "latency_ratio_kalman_over_mean": 0.9424334121672799,
      "practical_sig_ndcg@10": true,
      "practical_sig_mrr@10": true
    },
    {
      "max_candidates": 500,
      "n_queries": 6,
      "kalman_recall@10": 1.0,
      "mean_recall@10": 1.0,
      "delta_recall@10": 0.0,
      "p_recall@10": 1.0,
      "kalman_recall@50": 1.0,
      "mean_recall@50": 1.0,
      "delta_recall@50": 0.0,
      "p_recall@50": 1.0,
      "kalman_recall@100": 1.0,
      "mean_recall@100": 1.0,
      "delta_recall@100": 0.0,
      "p_recall@100": 1.0,
      "kalman_recall@1000": 1.0,
      "mean_recall@1000": 1.0,
      "delta_recall@1000": 0.0,
      "p_recall@1000": 1.0,
      "kalman_ndcg@10": 0.5485813625458471,
      "mean_ndcg@10": 0.4536941222247459,
      "delta_ndcg@10": 0.09488724032110114,
      "kalman_mrr@10": 0.4055555555555556,
      "mean_mrr@10": 0.28055555555555556,
      "delta_mrr@10": 0.125,
      "p_ndcg@10": 1.0,
      "p_mrr@10": 1.0,
      "latency_mean_kalman_ms": 24.062500333229764,
      "latency_mean_mean_ms": 23.654834499893695,
      "latency_ratio_kalman_over_mean": 1.0172339330185507,
      "practical_sig_ndcg@10": true,
      "practical_sig_mrr@10": true
    }
  ]
}