{
  "name": "isotonic",
  "params": {
    "knots_x": [
      0.23520553219745755,
      0.23867265932908954,
      0.27075441033936304,
      0.28416384335699363,
      0.2939096912966819,
      0.3034302803898825,
      0.30411372357635647,
      0.3282889589927617,
      0.3282889589927617,
      0.3302889589927617
    ],
    "knots_y": [
      0.0,
      0.0,
      0.0,
      0.0,
      0.0,
      0.0625,
      0.0625,
      0.060267857142857144,
      0.05357142857142857,
      0.0375
    ]
  }
}