{
  "name": "isotonic",
  "params": {
    "knots_x": [
      0.24625931418702215,
      0.2522209945712119,
      0.26061166677301245,
      0.29109138073279783,
      0.2933212636461941,
      0.29447789581514144,
      0.3180820717122707,
      0.323587755410899,
      0.32433708144669526,
      0.325587755410899
    ],
    "knots_y": [
      0.022321428571428572,
      0.022321428571428572,
      0.020833333333333332,
      0.015625,
      0.022321428571428572,
      0.022321428571428572,
      0.020833333333333332,
      0.015625,
      0.0625,
      0.0625
    ]
  }
}