{
  "config": {
    "random_seed": 7,
    "dimension": 48,
    "n_specialists": 4,
    "n_train": 220,
    "n_validation": 180,
    "n_test": 260,
    "latency_base_ms": 1.0,
    "latency_per_specialist_ms": 0.35,
    "latency_kalman_overhead_ms": 0.2
  },
  "learned_prior": {
    "weights": [
      0.5391442309856102,
      0.20632303087624604,
      0.15615839214370839,
      0.09837434599443551
    ],
    "fit_split": "train",
    "fit_indices": [
      0,
      1,
      2,
      3,
      4,
      5,
      6,
      7,
      8,
      9,
      10,
      11,
      12,
      13,
      14,
      15,
      16,
      17,
      18,
      19,
      20,
      21,
      22,
      23,
      24,
      25,
      26,
      27,
      28,
      29,
      30,
      31,
      32,
      33,
      34,
      35,
      36,
      37,
      38,
      39,
      40,
      41,
      42,
      43,
      44,
      45,
      46,
      47,
      48,
      49,
      50,
      51,
      52,
      53,
      54,
      55,
      56,
      57,
      58,
      59,
      60,
      61,
      62,
      63,
      64,
      65,
      66,
      67,
      68,
      69,
      70,
      71,
      72,
      73,
      74,
      75,
      76,
      77,
      78,
      79,
      80,
      81,
      82,
      83,
      84,
      85,
      86,
      87,
      88,
      89,
      90,
      91,
      92,
      93,
      94,
      95,
      96,
      97,
      98,
      99,
      100,
      101,
      102,
      103,
      104,
      105,
      106,
      107,
      108,
      109,
      110,
      111,
      112,
      113,
      114,
      115,
      116,
      117,
      118,
      119,
      120,
      121,
      122,
      123,
      124,
      125,
      126,
      127,
      128,
      129,
      130,
      131,
      132,
      133,
      134,
      135,
      136,
      137,
      138,
      139,
      140,
      141,
      142,
      143,
      144,
      145,
      146,
      147,
      148,
      149,
      150,
      151,
      152,
      153,
      154,
      155,
      156,
      157,
      158,
      159,
      160,
      161,
      162,
      163,
      164,
      165,
      166,
      167,
      168,
      169,
      170,
      171,
      172,
      173,
      174,
      175,
      176,
      177,
      178,
      179,
      180,
      181,
      182,
      183,
      184,
      185,
      186,
      187,
      188,
      189,
      190,
      191,
      192,
      193,
      194,
      195,
      196,
      197,
      198,
      199,
      200,
      201,
      202,
      203,
      204,
      205,
      206,
      207,
      208,
      209,
      210,
      211,
      212,
      213,
      214,
      215,
      216,
      217,
      218,
      219
    ],
    "n_fit": 220
  },
  "metrics": {
    "mean_fusion": {
      "mean_error": 0.12698778424523036,
      "calibration_ece": 0.10703536313465589,
      "latency_ms": 2.4,
      "latency_normalized_error": 0.30477068218855274
    },
    "kalman_current": {
      "mean_error": 0.09368547165393289,
      "calibration_ece": 0.08687263975199855,
      "latency_ms": 2.6,
      "latency_normalized_error": 0.2435822263002255
    },
    "kalman_generalist_prior": {
      "mean_error": 0.08645115603595639,
      "calibration_ece": 0.08068620130082915,
      "latency_ms": 2.6,
      "latency_normalized_error": 0.2247730056934866
    },
    "kalman_learned_linear_prior": {
      "mean_error": 0.09270435189162997,
      "calibration_ece": 0.08638490412268507,
      "latency_ms": 2.6,
      "latency_normalized_error": 0.24103131491823793
    },
    "kalman_residuals": {
      "mean_error": 0.0936854716539329,
      "calibration_ece": 0.08687263975199855,
      "latency_ms": 2.6,
      "latency_normalized_error": 0.2435822263002255
    }
  },
  "question": "Does a stronger prior make Kalman fusion materially more useful?",
  "answer": "Yes in this benchmark: kalman_generalist_prior achieved the best latency-normalized error and should be preferred over current Kalman."
}