{
  "name": "isotonic",
  "params": {
    "knots_x": [
      0.23920553219745755,
      0.24120553219745755,
      0.24520553219745755,
      0.24520553219745755,
      0.24520553219745755,
      0.24520553219745755,
      0.24520553219745755,
      0.24520553219745755,
      0.24520553219745755,
      0.24520553219745755,
      0.24720553219745756,
      0.24720553219745756,
      0.24720553219745756,
      0.2839714904123971,
      0.2839714904123971,
      0.2839714904123971,
      0.2839714904123971,
      0.2839714904123971,
      0.2839714904123971,
      0.2839714904123971,
      0.28708154677434317,
      0.29308154677434317,
      0.29308154677434317,
      0.29308154677434317,
      0.2950815467743431,
      0.2950815467743431,
      0.3074302803898825,
      0.30811372357635647,
      0.30811372357635647,
      0.30811372357635647,
      0.31211372357635647,
      0.31211372357635647,
      0.3134302803898825,
      0.3141137235763565,
      0.3154302803898825,
      0.3154302803898825,
      0.3154302803898825,
      0.3181137235763565,
      0.3181137235763565,
      0.3181137235763565,
      0.3181137235763565,
      0.3181137235763565,
      0.3181137235763565,
      0.3181137235763565,
      0.3181137235763565,
      0.3181137235763565,
      0.31885678592824257,
      0.31885678592824257,
      0.3201137235763565,
      0.3201137235763565,
      0.3201137235763565,
      0.32085678592824257,
      0.32085678592824257,
      0.3221137235763564,
      0.33228895899276173,
      0.33428895899276173,
      0.33828895899276173,
      0.33828895899276173,
      0.33828895899276173,
      0.33828895899276173,
      0.34028895899276174,
      0.34028895899276174
    ],
    "knots_y": [
      0.2,
      0.2,
      0.4,
      0.4,
      0.4,
      0.4666666666666666,
      0.4666666666666666,
      0.45,
      0.4666666666666666,
      0.4666666666666666,
      0.45,
      0.5,
      0.5,
      0.7496762218234135,
      0.7496762218234135,
      0.7472119128207882,
      0.7421566050490152,
      0.7345416128780139,
      0.7245193941264303,
      0.712279316007021,
      0.6979450103475151,
      0.6814842538630166,
      0.6626433434868303,
      0.6408937270106373,
      0.6153701306343415,
      0.5848222288616672,
      0.5478084415584416,
      0.5039351851851852,
      0.45695364238410596,
      0.4145454545454545,
      0.37499999999999994,
      0.3166666666666666,
      0.6425655790820427,
      0.6425655790820427,
      0.6423322714262798,
      0.6418585541497944,
      0.6411405850553498,
      0.6401700266010248,
      0.6389243810104795,
      0.637359380172593,
      0.6354071814301024,
      0.632982754236589,
      0.6299982247255593,
      0.6263784252258895,
      0.622062235056257,
      0.6169848273743842,
      0.6110758368138363,
      0.6042555899174363,
      0.5964279904004042,
      0.5874676693774836,
      0.577197168697499,
      0.5653461212239836,
      0.5514753789661989,
      0.5348235294117646,
      0.5139469226425748,
      0.48571428571428577,
      0.44285714285714295,
      0.4555555555555555,
      0.4555555555555555,
      0.45,
      0.43333333333333335,
      0.5
    ]
  }
}