{
  "name": "isotonic",
  "params": {
    "knots_x": [
      0.245464689653201,
      0.245464689653201,
      0.247464689653201,
      0.247464689653201,
      0.25025931418702213,
      0.25025931418702213,
      0.25025931418702213,
      0.2562209945712119,
      0.2582209945712119,
      0.2622209945712119,
      0.2622209945712119,
      0.2622209945712119,
      0.2622209945712119,
      0.2642209945712119,
      0.2642209945712119,
      0.27471286383785926,
      0.27471286383785926,
      0.27671286383785926,
      0.28071286383785926,
      0.28071286383785926,
      0.28071286383785926,
      0.28071286383785926,
      0.28071286383785926,
      0.28071286383785926,
      0.28071286383785926,
      0.28071286383785926,
      0.28071286383785926,
      0.28271286383785926,
      0.28271286383785926,
      0.28271286383785926,
      0.28471286383785926,
      0.29847789581514145,
      0.3004778958151415,
      0.300883717633288,
      0.300883717633288,
      0.300883717633288,
      0.300883717633288,
      0.300883717633288,
      0.300883717633288,
      0.300883717633288,
      0.3044778958151415,
      0.3044778958151415,
      0.3044778958151415,
      0.3044778958151415,
      0.3044778958151415,
      0.3044778958151415,
      0.3044778958151415,
      0.3044778958151415,
      0.3064778958151415,
      0.3064778958151415,
      0.3064778958151415,
      0.3283370814466952,
      0.331587755410899,
      0.3343370814466952,
      0.3363370814466952,
      0.3363370814466952,
      0.3363370814466952,
      0.337587755410899,
      0.337587755410899,
      0.337587755410899,
      0.339587755410899,
      0.339587755410899
    ],
    "knots_y": [
      0.31999999999999995,
      0.31999999999999995,
      0.31699999999999995,
      0.3103999999999999,
      0.2999999999999999,
      0.28571428571428564,
      0.26666666666666666,
      0.24,
      0.4,
      0.4216216216216216,
      0.4216216216216216,
      0.41818181818181815,
      0.41111111111111115,
      0.4,
      0.38461538461538464,
      0.35714285714285715,
      0.3,
      0.4,
      0.44559090909090915,
      0.44559090909090915,
      0.4453846153846155,
      0.4450873362445416,
      0.44472252448313393,
      0.44426685198054217,
      0.44368131868131877,
      0.4429020100502513,
      0.44181818181818194,
      0.4402266288951842,
      0.43759213759213766,
      0.4325,
      0.42289156626506025,
      0.4035714285714286,
      0.3571428571428572,
      0.7500363417192503,
      0.7500363417192503,
      0.7481294013026655,
      0.7441993616623941,
      0.7382540008877883,
      0.7304119593746434,
      0.7208582640410416,
      0.7097836031663949,
      0.6973285561096834,
      0.6835482910563297,
      0.668400788557971,
      0.6517502513826045,
      0.633371040723982,
      0.6129349816849817,
      0.5899633699633701,
      0.5637362637362636,
      0.5333333333333333,
      0.5000000000000001,
      0.6499999999999999,
      0.6499999999999999,
      0.6857142857142857,
      0.6857142857142857,
      0.6803030303030303,
      0.6682926829268292,
      0.6490039840637449,
      0.6222222222222221,
      0.5874999999999998,
      0.5428571428571428,
      0.4833333333333332
    ]
  }
}