{
  "name": "isotonic",
  "params": {
    "knots_x": [
      0.245464689653201,
      0.245464689653201,
      0.247464689653201,
      0.247464689653201,
      0.25025931418702213,
      0.25025931418702213,
      0.25025931418702213,
      0.2562209945712119,
      0.2582209945712119,
      0.2622209945712119,
      0.2622209945712119,
      0.2622209945712119,
      0.2622209945712119,
      0.2642209945712119,
      0.2642209945712119,
      0.27471286383785926,
      0.27471286383785926,
      0.27671286383785926,
      0.28071286383785926,
      0.28071286383785926,
      0.28071286383785926,
      0.28071286383785926,
      0.28071286383785926,
      0.28071286383785926,
      0.28071286383785926,
      0.28071286383785926,
      0.28071286383785926,
      0.28271286383785926,
      0.28271286383785926,
      0.28271286383785926,
      0.28471286383785926,
      0.29847789581514145,
      0.3004778958151415,
      0.300883717633288,
      0.300883717633288,
      0.300883717633288,
      0.300883717633288,
      0.300883717633288,
      0.300883717633288,
      0.300883717633288,
      0.3044778958151415,
      0.3044778958151415,
      0.3044778958151415,
      0.3044778958151415,
      0.3044778958151415,
      0.3044778958151415,
      0.3044778958151415,
      0.3044778958151415,
      0.3064778958151415,
      0.3064778958151415,
      0.3064778958151415,
      0.3283370814466952,
      0.331587755410899,
      0.3343370814466952,
      0.3363370814466952,
      0.3363370814466952,
      0.3363370814466952,
      0.337587755410899,
      0.337587755410899,
      0.337587755410899,
      0.339587755410899,
      0.339587755410899
    ],
    "knots_y": [
      0.0,
      0.0,
      0.0,
      0.0,
      0.02556818181818182,
      0.02556818181818182,
      0.025539545102093563,
      0.02547922521075873,
      0.025383967548388384,
      0.02525031289111389,
      0.025074605313823644,
      0.024853005226480835,
      0.02458150813516896,
      0.024255969588344126,
      0.023872136512388967,
      0.023425684758864057,
      0.022912262156448204,
      0.02232753566542896,
      0.02166724036191975,
      0.02092722693531283,
      0.020103503184713375,
      0.01919226368597078,
      0.018189900426742532,
      0.017092985842985842,
      0.015898218409765755,
      0.014602319801159901,
      0.013201871657754011,
      0.0116930791347207,
      0.01007144749234754,
      0.008331356736242882,
      0.00646551724137931,
      0.004464285714285714,
      0.0023148148148148147,
      0.0716594827586207,
      0.0716594827586207,
      0.07122374239911554,
      0.07032571912013537,
      0.06896560988715744,
      0.06716699475065617,
      0.0649665952712245,
      0.062400552925732926,
      0.059491895173415486,
      0.056242556865547216,
      0.052630621452481444,
      0.04861111111111111,
      0.04411764705882353,
      0.0390625,
      0.03333333333333333,
      0.026785714285714284,
      0.019230769230769232,
      0.010416666666666666,
      0.0625,
      0.0625,
      0.07142857142857142,
      0.07142857142857142,
      0.07007575757575757,
      0.06707317073170732,
      0.062250996015936255,
      0.05555555555555555,
      0.046875,
      0.03571428571428571,
      0.020833333333333332
    ]
  }
}