{
  "name": "isotonic",
  "params": {
    "knots_x": [
      0.23920553219745755,
      0.24120553219745755,
      0.24520553219745755,
      0.24520553219745755,
      0.24520553219745755,
      0.24520553219745755,
      0.24520553219745755,
      0.24520553219745755,
      0.24520553219745755,
      0.24520553219745755,
      0.24720553219745756,
      0.24720553219745756,
      0.24720553219745756,
      0.2839714904123971,
      0.2839714904123971,
      0.2839714904123971,
      0.2839714904123971,
      0.2839714904123971,
      0.2839714904123971,
      0.2839714904123971,
      0.28708154677434317,
      0.29308154677434317,
      0.29308154677434317,
      0.29308154677434317,
      0.2950815467743431,
      0.2950815467743431,
      0.3074302803898825,
      0.30811372357635647,
      0.30811372357635647,
      0.30811372357635647,
      0.31211372357635647,
      0.31211372357635647,
      0.3134302803898825,
      0.3141137235763565,
      0.3154302803898825,
      0.3154302803898825,
      0.3154302803898825,
      0.3181137235763565,
      0.3181137235763565,
      0.3181137235763565,
      0.3181137235763565,
      0.3181137235763565,
      0.3181137235763565,
      0.3181137235763565,
      0.3181137235763565,
      0.3181137235763565,
      0.31885678592824257,
      0.31885678592824257,
      0.3201137235763565,
      0.3201137235763565,
      0.3201137235763565,
      0.32085678592824257,
      0.32085678592824257,
      0.3221137235763564,
      0.33228895899276173,
      0.33428895899276173,
      0.33828895899276173,
      0.33828895899276173,
      0.33828895899276173,
      0.33828895899276173,
      0.34028895899276174,
      0.34028895899276174
    ],
    "knots_y": [
      0.0,
      0.0,
      0.0,
      0.0,
      0.0,
      0.0,
      0.0,
      0.0,
      0.0,
      0.0,
      0.0,
      0.0,
      0.0,
      0.1611842105263158,
      0.1611842105263158,
      0.1591997264021888,
      0.15529918864097364,
      0.149749498997996,
      0.14282145236508995,
      0.1346153846153846,
      0.125,
      0.11363636363636363,
      0.1,
      0.08333333333333333,
      0.0625,
      0.03571428571428571,
      0.07954545454545454,
      0.07954545454545454,
      0.07847222222222222,
      0.07552083333333333,
      0.06875,
      0.052083333333333336,
      0.052905142851241344,
      0.052905142851241344,
      0.05284250351673027,
      0.05271222249128118,
      0.052509647493416065,
      0.05223051932833473,
      0.05187093325461983,
      0.0514272021772748,
      0.050895619772660536,
      0.05027214032727662,
      0.049552011093272605,
      0.04872940828744985,
      0.04779713644318353,
      0.04674645131798059,
      0.04556705882355567,
      0.04424732604340582,
      0.04277471308733202,
      0.0411363924122966,
      0.03931996356469329,
      0.037314104882881734,
      0.03510895913884524,
      0.03269607843137255,
      0.03006789741936062,
      0.0272169237012987,
      0.02413493998499625,
      0.020812277155450743,
      0.017236842105263155,
      0.013392857142857142,
      0.009259259259259259,
      0.004807692307692308
    ]
  }
}